{"cameraMode":{"drawMode":0,"name":"Shaded","section":"Shading Mode"},"sceneLighting":false,"audioPlay":false,"sceneViewState":{"showFog":true,"showMaterialUpdate":false,"showSkybox":true,"showFlares":true,"showImageEffects":true,"showParticleSystems":true},"in2DMode":false,"pivot":{"x":-0.28520631790161135,"y":0.9042269587516785,"z":-0.6935331225395203},"rotation":{"x":0.059357400983572009,"y":-0.7755162119865418,"z":0.07374890893697739,"w":0.6241894364356995},"size":2.661231279373169,"orthographic":false}