{"cameraMode":{"drawMode":0,"name":"Shaded","section":"Shading Mode"},"sceneLighting":false,"audioPlay":false,"sceneViewState":{"showFog":true,"showMaterialUpdate":false,"showSkybox":true,"showFlares":true,"showImageEffects":true,"showParticleSystems":true},"in2DMode":false,"pivot":{"x":-3.810713291168213,"y":0.901607096195221,"z":-6.143792152404785},"rotation":{"x":0.03711196035146713,"y":-0.882230281829834,"z":0.0705607458949089,"w":0.4640190601348877},"size":5.760416507720947,"orthographic":false}