{"cameraMode":{"drawMode":0,"name":"Shaded","section":"Shading Mode"},"sceneLighting":false,"audioPlay":false,"sceneViewState":{"showFog":true,"showMaterialUpdate":false,"showSkybox":true,"showFlares":true,"showImageEffects":true,"showParticleSystems":true},"in2DMode":false,"pivot":{"x":-3.8179397583007814,"y":0.9120292663574219,"z":-3.4200992584228517},"rotation":{"x":-0.0353369414806366,"y":0.9573639035224915,"z":-0.13326479494571687,"w":-0.2538624107837677},"size":14.188009262084961,"orthographic":false}