{"cameraMode":{"drawMode":0,"name":"Shaded","section":"Shading Mode"},"sceneLighting":false,"audioPlay":false,"sceneViewState":{"showFog":true,"showMaterialUpdate":false,"showSkybox":true,"showFlares":true,"showImageEffects":true,"showParticleSystems":true},"in2DMode":false,"pivot":{"x":0.009699583053588868,"y":1.0581871271133423,"z":-0.3421621322631836},"rotation":{"x":0.13262154161930085,"y":-0.5933206677436829,"z":0.0999012216925621,"w":0.7876560091972351},"size":3.429920196533203,"orthographic":false}