{"cameraMode":{"drawMode":0,"name":"Shaded","section":"Shading Mode"},"sceneLighting":false,"audioPlay":false,"sceneViewState":{"showFog":true,"showMaterialUpdate":false,"showSkybox":true,"showFlares":true,"showImageEffects":true,"showParticleSystems":true},"in2DMode":false,"pivot":{"x":13608.41796875,"y":36.725135803222659,"z":-1307.1556396484375},"rotation":{"x":-0.023550398647785188,"y":-0.8720235824584961,"z":0.042161062359809878,"w":-0.4870757758617401},"size":2.5831854343414308,"orthographic":false}