{"cameraMode":{"drawMode":0,"name":"Shaded","section":"Shading Mode"},"sceneLighting":false,"audioPlay":false,"sceneViewState":{"showFog":true,"showMaterialUpdate":false,"showSkybox":true,"showFlares":true,"showImageEffects":true,"showParticleSystems":true},"in2DMode":false,"pivot":{"x":-0.12024790793657303,"y":0.16749262809753419,"z":0.0019279718399047852},"rotation":{"x":-0.02907729521393776,"y":0.9706552624702454,"z":-0.17995138466358186,"w":-0.15684503316879273},"size":0.42744457721710207,"orthographic":false}