{"cameraMode":{"drawMode":0,"name":"Shaded","section":"Shading Mode"},"sceneLighting":false,"audioPlay":false,"sceneViewState":{"showFog":true,"showMaterialUpdate":false,"showSkybox":true,"showFlares":true,"showImageEffects":true,"showParticleSystems":true},"in2DMode":false,"pivot":{"x":-1.0685503482818604,"y":0.580126166343689,"z":0.6137122511863709},"rotation":{"x":-0.024726230651140214,"y":0.6695429682731628,"z":-0.0223117433488369,"w":-0.7420262694358826},"size":2.8868961334228517,"orthographic":false}