{"cameraMode":{"drawMode":0,"name":"Shaded","section":"Shading Mode"},"sceneLighting":false,"audioPlay":false,"sceneViewState":{"showFog":true,"showMaterialUpdate":false,"showSkybox":true,"showFlares":true,"showImageEffects":true,"showParticleSystems":true},"in2DMode":false,"pivot":{"x":0.0386819988489151,"y":0.027475416660308839,"z":-0.0014633536338806153},"rotation":{"x":-0.03389575332403183,"y":0.960503101348877,"z":-0.13516953587532044,"w":-0.24086131155490876},"size":0.5156792402267456,"orthographic":false}